Workbook

Sheet Executive Summary
B2: Al Ghurair Group — Executive Procurement & Inventory Dashboard
B3: Expanded Operational Control & Supply Chain KPI Report | Year 2026
C5: Total Stock Value (AED) | E5: Low Stock Alert Count | G5: Total Procurement Spend
C6: =SUM(Fact_Inventory!F:F) | E6: =COUNTIF(Fact_Inventory!G:G, "LOW STOCK") | G6: =SUM(Fact_PurchaseOrders!J:J)
B9: ⚠️ Comprehensive SKU Inventory Health Summary
B10: ProductID | C10: SKU | D10: ProductName | E10: Qty On Hand | F10: Reorder Level | G10: Status
B11: P101 | C11: =VLOOKUP(B11, Dim_Products!A:F, 2, FALSE) | D11: =VLOOKUP(B11, Dim_Products!A:F, 3, FALSE) | E11: =SUMIF(Fact_Inventory!B:B, B11, Fact_Inventory!D:D) | F11: =VLOOKUP(B11, Dim_Products!A:F, 5, FALSE) | G11: =IF(E11<F11, "ACTION REQ", "HEALTHY")
B12: P102 | C12: =VLOOKUP(B12, Dim_Products!A:F, 2, FALSE) | D12: =VLOOKUP(B12, Dim_Products!A:F, 3, FALSE) | E12: =SUMIF(Fact_Inventory!B:B, B12, Fact_Inventory!D:D) | F12: =VLOOKUP(B12, Dim_Products!A:F, 5, FALSE) | G12: =IF(E12<F12, "ACTION REQ", "HEALTHY")
B13: P103 | C13: =VLOOKUP(B13, Dim_Products!A:F, 2, FALSE) | D13: =VLOOKUP(B13, Dim_Products!A:F, 3, FALSE) | E13: =SUMIF(Fact_Inventory!B:B, B13, Fact_Inventory!D:D) | F13: =VLOOKUP(B13, Dim_Products!A:F, 5, FALSE) | G13: =IF(E13<F13, "ACTION REQ", "HEALTHY")
B14: P104 | C14: =VLOOKUP(B14, Dim_Products!A:F, 2, FALSE) | D14: =VLOOKUP(B14, Dim_Products!A:F, 3, FALSE) | E14: =SUMIF(Fact_Inventory!B:B, B14, Fact_Inventory!D:D) | F14: =VLOOKUP(B14, Dim_Products!A:F, 5, FALSE) | G14: =IF(E14<F14, "ACTION REQ", "HEALTHY")
B15: P105 | C15: =VLOOKUP(B15, Dim_Products!A:F, 2, FALSE) | D15: =VLOOKUP(B15, Dim_Products!A:F, 3, FALSE) | E15: =SUMIF(Fact_Inventory!B:B, B15, Fact_Inventory!D:D) | F15: =VLOOKUP(B15, Dim_Products!A:F, 5, FALSE) | G15: =IF(E15<F15, "ACTION REQ", "HEALTHY")
B16: P106 | C16: =VLOOKUP(B16, Dim_Products!A:F, 2, FALSE) | D16: =VLOOKUP(B16, Dim_Products!A:F, 3, FALSE) | E16: =SUMIF(Fact_Inventory!B:B, B16, Fact_Inventory!D:D) | F16: =VLOOKUP(B16, Dim_Products!A:F, 5, FALSE) | G16: =IF(E16<F16, "ACTION REQ", "HEALTHY")
B17: P107 | C17: =VLOOKUP(B17, Dim_Products!A:F, 2, FALSE) | D17: =VLOOKUP(B17, Dim_Products!A:F, 3, FALSE) | E17: =SUMIF(Fact_Inventory!B:B, B17, Fact_Inventory!D:D) | F17: =VLOOKUP(B17, Dim_Products!A:F, 5, FALSE) | G17: =IF(E17<F17, "ACTION REQ", "HEALTHY")
B18: P108 | C18: =VLOOKUP(B18, Dim_Products!A:F, 2, FALSE) | D18: =VLOOKUP(B18, Dim_Products!A:F, 3, FALSE) | E18: =SUMIF(Fact_Inventory!B:B, B18, Fact_Inventory!D:D) | F18: =VLOOKUP(B18, Dim_Products!A:F, 5, FALSE) | G18: =IF(E18<F18, "ACTION REQ", "HEALTHY")
B19: P109 | C19: =VLOOKUP(B19, Dim_Products!A:F, 2, FALSE) | D19: =VLOOKUP(B19, Dim_Products!A:F, 3, FALSE) | E19: =SUMIF(Fact_Inventory!B:B, B19, Fact_Inventory!D:D) | F19: =VLOOKUP(B19, Dim_Products!A:F, 5, FALSE) | G19: =IF(E19<F19, "ACTION REQ", "HEALTHY")
B20: P110 | C20: =VLOOKUP(B20, Dim_Products!A:F, 2, FALSE) | D20: =VLOOKUP(B20, Dim_Products!A:F, 3, FALSE) | E20: =SUMIF(Fact_Inventory!B:B, B20, Fact_Inventory!D:D) | F20: =VLOOKUP(B20, Dim_Products!A:F, 5, FALSE) | G20: =IF(E20<F20, "ACTION REQ", "HEALTHY")
B21: P111 | C21: =VLOOKUP(B21, Dim_Products!A:F, 2, FALSE) | D21: =VLOOKUP(B21, Dim_Products!A:F, 3, FALSE) | E21: =SUMIF(Fact_Inventory!B:B, B21, Fact_Inventory!D:D) | F21: =VLOOKUP(B21, Dim_Products!A:F, 5, FALSE) | G21: =IF(E21<F21, "ACTION REQ", "HEALTHY")
B22: P112 | C22: =VLOOKUP(B22, Dim_Products!A:F, 2, FALSE) | D22: =VLOOKUP(B22, Dim_Products!A:F, 3, FALSE) | E22: =SUMIF(Fact_Inventory!B:B, B22, Fact_Inventory!D:D) | F22: =VLOOKUP(B22, Dim_Products!A:F, 5, FALSE) | G22: =IF(E22<F22, "ACTION REQ", "HEALTHY")
... B30: P120 | C30: =VLOOKUP(B30, Dim_Products!A:F, 2, FALSE) | D30: =VLOOKUP(B30, Dim_Products!A:F, 3, FALSE) | E30: =SUMIF(Fact_Inventory!B:B, B30, Fact_Inventory!D:D) | F30: =VLOOKUP(B30, Dim_Products!A:F, 5, FALSE) | G30: =IF(E30<F30, "ACTION REQ", "HEALTHY")

Sheet Dim_Products
A1: ProductID | B1: SKU | C1: ProductName | D1: Category | E1: ReorderLevel | F1: StandardCostAED
A2: P101 | B2: SKU-AL-01 | C2: Aluminum Sheets 2mm | D2: Raw Materials | E2: 150 | F2: 120
A3: P102 | B3: SKU-AL-02 | C3: Steel Rods 10mm | D3: Raw Materials | E3: 200 | F3: 85
A4: P103 | B4: SKU-PKG-01 | C4: Corrugated Boxes L | D4: Packaging | E4: 500 | F4: 5.5
A5: P104 | B5: SKU-MNT-01 | C5: Industrial Lubricant 5L | D5: Maintenance | E5: 50 | F5: 210
A6: P105 | B6: SKU-EL-01 | C6: Copper Wiring 50m | D6: Electrical | E6: 80 | F6: 340
A7: P106 | B7: SKU-AL-03 | C7: Aluminum Extrusion Bar | D7: Raw Materials | E7: 100 | F7: 195
A8: P107 | B8: SKU-SFT-01 | C8: Industrial Safety Gloves | D8: PPE | E8: 300 | F8: 15
A9: P108 | B9: SKU-MNT-02 | C9: Hydraulic Fluid 20L | D9: Maintenance | E9: 40 | F9: 450
A10: P109 | B10: SKU-SFT-02 | C10: High-Vis Safety Vests | D10: PPE | E10: 200 | F10: 25
A11: P110 | B11: SKU-EL-02 | C11: Circuit Breakers 3-Phase | D11: Electrical | E11: 60 | F11: 280
A12: P111 | B12: SKU-PKG-02 | C12: Heavy Duty Stretch Film | D12: Packaging | E12: 150 | F12: 42
A13: P112 | B13: SKU-ST-01 | C13: Stainless Steel Plates 5mm | D13: Raw Materials | E13: 120 | F13: 310
... A21: P120 | B21: SKU-PKG-04 | C21: Industrial Poly Bags 100L | D21: Packaging | E21: 400 | F21: 12.5

Sheet Dim_Suppliers
A1: SupplierID | B1: SupplierName | C1: Country | D1: ContractLeadTimeDays | E1: ContactEmail
A2: S01 | B2: Emirates Steel Industries | C2: UAE | D2: 5 | E2: orders@emiratessteel.ae
A3: S02 | B3: Gulf Packaging Solutions | C3: UAE | D3: 3 | E3: sales@gulfpackaging.ae
A4: S03 | B4: Global Metals Trading | C4: Germany | D4: 14 | E4: supply@globalmetals.de
A5: S04 | B5: Apex Industrial Supplies | C5: UAE | D5: 4 | E5: info@apexindustrial.ae
A6: S05 | B6: Atlas Chemicals & Fluids | C6: Saudi Arabia | D6: 7 | E6: orders@atlaschem.sa
A7: S06 | B7: Schneider Electric Gulf | C7: UAE | D7: 5 | E7: orders@se-gulf.com
A8: S07 | B8: Al Ghurair Packaging Div | C8: UAE | D8: 2 | E8: internal.orders@alghurair.com
A9: S08 | B9: EuroMetal Tech GmbH | C9: Germany | D9: 18 | E9: export@eurometal.de

Sheet Dim_Warehouses
A1: WarehouseID | B1: WarehouseName | C1: Location | D1: ManagerEmail
A2: W01 | B2: Jebel Ali Logistics Hub | C2: Dubai | D2: jebelali.mgr@alghurair.com
A3: W02 | B3: KIZAD Industrial Zone | C3: Abu Dhabi | D3: kizad.mgr@alghurair.com
A4: W03 | B4: Al Sajaa Facility | C4: Sharjah | D4: alsajaa.mgr@alghurair.com
A5: W04 | B5: Dubai South Free Zone Hub | C5: Dubai | D5: dubaisouth.mgr@alghurair.com
A6: W05 | B6: RAK Industrial Park | C6: Ras Al Khaimah | D6: rak.mgr@alghurair.com

Sheet Fact_Inventory
A1: InventoryID | B1: ProductID | C1: WarehouseID | D1: QuantityOnHand | E1: LastStockTakeDate | F1: TotalValueAED | G1: StockStatus
A2: INV-001 | B2: P101 | C2: W01 | D2: 120 | E2: 2026-07-01 | F2: =D2*VLOOKUP(B2, Dim_Products!A:F, 6, FALSE) | G2: =IF(D2<VLOOKUP(B2, Dim_Products!A:E, 5, FALSE), "LOW STOCK", "OK")
A3: INV-002 | B3: P101 | C3: W02 | D3: 210 | E3: 2026-07-01 | F3: =D3*VLOOKUP(B3, Dim_Products!A:F, 6, FALSE) | G3: =IF(D3<VLOOKUP(B3, Dim_Products!A:E, 5, FALSE), "LOW STOCK", "OK")
A4: INV-003 | B4: P102 | C4: W01 | D4: 80 | E4: 2026-07-01 | F4: =D4*VLOOKUP(B4, Dim_Products!A:F, 6, FALSE) | G4: =IF(D4<VLOOKUP(B4, Dim_Products!A:E, 5, FALSE), "LOW STOCK", "OK")
A5: INV-004 | B5: P102 | C5: W03 | D5: 300 | E5: 2026-07-01 | F5: =D5*VLOOKUP(B5, Dim_Products!A:F, 6, FALSE) | G5: =IF(D5<VLOOKUP(B5, Dim_Products!A:E, 5, FALSE), "LOW STOCK", "OK")
A6: INV-005 | B6: P103 | C6: W01 | D6: 1200 | E6: 2026-07-01 | F6: =D6*VLOOKUP(B6, Dim_Products!A:F, 6, FALSE) | G6: =IF(D6<VLOOKUP(B6, Dim_Products!A:E, 5, FALSE), "LOW STOCK", "OK")
A7: INV-006 | B7: P104 | C7: W01 | D7: 35 | E7: 2026-07-01 | F7: =D7*VLOOKUP(B7, Dim_Products!A:F, 6, FALSE) | G7: =IF(D7<VLOOKUP(B7, Dim_Products!A:E, 5, FALSE), "LOW STOCK", "OK")
A8: INV-007 | B8: P105 | C8: W02 | D8: 95 | E8: 2026-07-01 | F8: =D8*VLOOKUP(B8, Dim_Products!A:F, 6, FALSE) | G8: =IF(D8<VLOOKUP(B8, Dim_Products!A:E, 5, FALSE), "LOW STOCK", "OK")
A9: INV-008 | B9: P106 | C9: W01 | D9: 45 | E9: 2026-07-01 | F9: =D9*VLOOKUP(B9, Dim_Products!A:F, 6, FALSE) | G9: =IF(D9<VLOOKUP(B9, Dim_Products!A:E, 5, FALSE), "LOW STOCK", "OK")
A10: INV-009 | B10: P107 | C10: W03 | D10: 650 | E10: 2026-07-01 | F10: =D10*VLOOKUP(B10, Dim_Products!A:F, 6, FALSE) | G10: =IF(D10<VLOOKUP(B10, Dim_Products!A:E, 5, FALSE), "LOW STOCK", "OK")
A11: INV-010 | B11: P108 | C11: W02 | D11: 20 | E11: 2026-07-01 | F11: =D11*VLOOKUP(B11, Dim_Products!A:F, 6, FALSE) | G11: =IF(D11<VLOOKUP(B11, Dim_Products!A:E, 5, FALSE), "LOW STOCK", "OK")
A12: INV-011 | B12: P109 | C12: W01 | D12: 310 | E12: 2026-07-01 | F12: =D12*VLOOKUP(B12, Dim_Products!A:F, 6, FALSE) | G12: =IF(D12<VLOOKUP(B12, Dim_Products!A:E, 5, FALSE), "LOW STOCK", "OK")
A13: INV-012 | B13: P110 | C13: W04 | D13: 40 | E13: 2026-07-01 | F13: =D13*VLOOKUP(B13, Dim_Products!A:F, 6, FALSE) | G13: =IF(D13<VLOOKUP(B13, Dim_Products!A:E, 5, FALSE), "LOW STOCK", "OK")
... A36: INV-035 | B36: P119 | C36: W03 | D36: 95 | E36: 2026-07-01 | F36: =D36*VLOOKUP(B36, Dim_Products!A:F, 6, FALSE) | G36: =IF(D36<VLOOKUP(B36, Dim_Products!A:E, 5, FALSE), "LOW STOCK", "OK")

Sheet Fact_PurchaseOrders
A1: PO_ID | B1: ProductID | C1: SupplierID | D1: WarehouseID | E1: OrderDate | F1: ExpectedDeliveryDate | G1: ActualDeliveryDate | H1: QuantityOrdered | I1: UnitCostAED | J1: TotalCostAED | K1: POStatus | L1: LeadTimeDays | M1: OnTimeStatus
A2: PO-1001 | B2: P101 | C2: S03 | D2: W01 | E2: 2026-06-01 | F2: 2026-06-15 | G2: 2026-06-18 | H2: 200 | I2: 118 | J2: =H2*I2 | K2: Completed | L2: =G2-E2 | M2: =IF(G2<=F2, "ON-TIME", "DELAYED")
A3: PO-1002 | B3: P102 | C3: S01 | D3: W01 | E3: 2026-06-05 | F3: 2026-06-10 | G3: 2026-06-09 | H3: 300 | I3: 82 | J3: =H3*I3 | K3: Completed | L3: =G3-E3 | M3: =IF(G3<=F3, "ON-TIME", "DELAYED")
A4: PO-1003 | B4: P103 | C4: S02 | D4: W01 | E4: 2026-06-10 | F4: 2026-06-13 | G4: 2026-06-13 | H4: 1000 | I4: 5.2 | J4: =H4*I4 | K4: Completed | L4: =G4-E4 | M4: =IF(G4<=F4, "ON-TIME", "DELAYED")
A5: PO-1004 | B5: P104 | C5: S04 | D5: W02 | E5: 2026-06-15 | F5: 2026-06-19 | G5: 2026-06-22 | H5: 50 | I5: 210 | J5: =H5*I5 | K5: Completed | L5: =G5-E5 | M5: =IF(G5<=F5, "ON-TIME", "DELAYED")
A6: PO-1005 | B6: P105 | C6: S04 | D6: W02 | E6: 2026-06-20 | F6: 2026-06-24 | G6: 2026-06-24 | H6: 100 | I6: 335 | J6: =H6*I6 | K6: Completed | L6: =G6-E6 | M6: =IF(G6<=F6, "ON-TIME", "DELAYED")
A7: PO-1006 | B7: P101 | C7: S03 | D7: W02 | E7: 2026-07-01 | F7: 2026-07-15 | G7: 2026-07-14 | H7: 150 | I7: 118 | J7: =H7*I7 | K7: Completed | L7: =G7-E7 | M7: =IF(G7<=F7, "ON-TIME", "DELAYED")
A8: PO-1007 | B8: P106 | C8: S03 | D8: W01 | E8: 2026-07-05 | F8: 2026-07-19 | G8: 2026-07-21 | H8: 100 | I8: 190 | J8: =H8*I8 | K8: Completed | L8: =G8-E8 | M8: =IF(G8<=F8, "ON-TIME", "DELAYED")
A9: PO-1008 | B9: P108 | C9: S05 | D9: W02 | E9: 2026-07-10 | F9: 2026-07-17 | G9: 2026-07-16 | H9: 30 | I9: 440 | J9: =H9*I9 | K9: Completed | L9: =G9-E9 | M9: =IF(G9<=F9, "ON-TIME", "DELAYED")
A10: PO-1009 | B10: P107 | C10: S04 | D10: W03 | E10: 2026-07-12 | F10: 2026-07-16 | G10: 2026-07-16 | H10: 500 | I10: 14.5 | J10: =H10*I10 | K10: Completed | L10: =G10-E10 | M10: =IF(G10<=F10, "ON-TIME", "DELAYED")
A11: PO-1010 | B11: P102 | C11: S01 | D11: W03 | E11: 2026-07-20 | F11: 2026-07-25 | G11: 2026-07-27 | H11: 200 | I11: 84 | J11: =H11*I11 | K11: Completed | L11: =G11-E11 | M11: =IF(G11<=F11, "ON-TIME", "DELAYED")
A12: PO-1011 | B12: P110 | C12: S06 | D12: W04 | E12: 2026-07-22 | F12: 2026-07-27 | G12: 2026-07-26 | H12: 80 | I12: 275 | J12: =H12*I12 | K12: Completed | L12: =G12-E12 | M12: =IF(G12<=F12, "ON-TIME", "DELAYED")
A13: PO-1012 | B13: P111 | C13: S07 | D13: W01 | E13: 2026-07-23 | F13: 2026-07-25 | G13: 2026-07-25 | H13: 300 | I13: 40 | J13: =H13*I13 | K13: Completed | L13: =G13-E13 | M13: =IF(G13<=F13, "ON-TIME", "DELAYED")
... A26: PO-1025 | B26: P101 | C26: S08 | D26: W04 | E26: 2026-07-27 | F26: 2026-08-14 | G26: 2026-08-16 | H26: 200 | I26: 115 | J26: =H26*I26 | K26: Completed | L26: =G26-E26 | M26: =IF(G26<=F26, "ON-TIME", "DELAYED")

Sheet Fact_StockMovement
A1: MovementID | B1: ProductID | C1: WarehouseID | D1: MovementDate | E1: MovementType | F1: Quantity | G1: ReferenceDoc
A2: M-901 | B2: P101 | C2: W01 | D2: 2026-06-18 | E2: Inbound | F2: 200 | G2: PO-1001
A3: M-902 | B3: P101 | C3: W01 | D3: 2026-06-20 | E3: Outbound | F3: -80 | G3: SO-5011
A4: M-903 | B4: P102 | C4: W01 | D4: 2026-06-09 | E4: Inbound | F4: 300 | G4: PO-1002
A5: M-904 | B5: P102 | C5: W01 | D5: 2026-06-12 | E5: Transfer-Out | F5: -220 | G5: TR-301
A6: M-905 | B6: P102 | C6: W03 | D6: 2026-06-12 | E6: Transfer-In | F6: 220 | G6: TR-301
A7: M-906 | B7: P104 | C7: W01 | D7: 2026-06-25 | E7: Outbound | F7: -15 | G7: SO-5022
A8: M-907 | B8: P105 | C8: W02 | D8: 2026-06-24 | E8: Inbound | F8: 100 | G8: PO-1005
A9: M-908 | B9: P101 | C9: W02 | D9: 2026-07-14 | E9: Inbound | F9: 150 | G9: PO-1006
A10: M-909 | B10: P103 | C10: W01 | D10: 2026-07-15 | E10: Outbound | F10: -300 | G10: SO-5045
A11: M-910 | B11: P107 | C11: W03 | D11: 2026-07-16 | E11: Inbound | F11: 500 | G11: PO-1009
A12: M-911 | B12: P110 | C12: W04 | D12: 2026-07-26 | E12: Inbound | F12: 80 | G12: PO-1011
A13: M-912 | B13: P111 | C13: W01 | D13: 2026-07-25 | E13: Inbound | F13: 300 | G13: PO-1012
... A26: M-925 | B26: P105 | C26: W02 | D26: 2026-07-27 | E26: Outbound | F26: -20 | G26: SO-5112
